sample_id,title,ambiguous,question,expected,predicted,correct,p_expected,confidence
S01,HCC_T_pt03,False,tissue,liver,liver,True,1.0,1.0
S01,HCC_T_pt03,False,condition,tumor,tumor,True,1.0,1.0
S01,HCC_T_pt03,False,assay,bulk_rna_seq,bulk_rna_seq,True,1.0,1.0
S01,HCC_T_pt03,False,cell_line,False,False,True,0.98,0.96
S01,HCC_T_pt03,False,treated,False,False,True,0.96,0.92
S02,HCC_N_pt03,False,tissue,liver,liver,True,1.0,1.0
S02,HCC_N_pt03,False,condition,tumor_adjacent_normal,tumor_adjacent_normal,True,0.96,0.94
S02,HCC_N_pt03,False,assay,bulk_rna_seq,bulk_rna_seq,True,1.0,1.0
S02,HCC_N_pt03,False,cell_line,False,False,True,0.98,0.96
S02,HCC_N_pt03,False,treated,False,False,True,0.97,0.94
S03,HepG2_sorafenib_5uM_24h_rep1,False,tissue,liver,liver,True,1.0,1.0
S03,HepG2_sorafenib_5uM_24h_rep1,False,condition,tumor,tumor,True,1.0,1.0
S03,HepG2_sorafenib_5uM_24h_rep1,False,assay,bulk_rna_seq,bulk_rna_seq,True,1.0,1.0
S03,HepG2_sorafenib_5uM_24h_rep1,False,cell_line,True,True,True,0.98,0.96
S03,HepG2_sorafenib_5uM_24h_rep1,False,treated,True,True,True,0.99,0.98
S04,HepG2_DMSO_24h_rep1,True,tissue,liver,liver,True,1.0,1.0
S04,HepG2_DMSO_24h_rep1,True,condition,tumor,tumor,True,1.0,1.0
S04,HepG2_DMSO_24h_rep1,True,assay,bulk_rna_seq,bulk_rna_seq,True,1.0,1.0
S04,HepG2_DMSO_24h_rep1,True,cell_line,True,True,True,0.98,0.96
S04,HepG2_DMSO_24h_rep1,True,treated,False,False,True,0.97,0.94
S05,LUAD_EPIC_112,False,tissue,lung,lung,True,1.0,1.0
S05,LUAD_EPIC_112,False,condition,tumor,tumor,True,1.0,1.0
S05,LUAD_EPIC_112,False,assay,dna_methylation,dna_methylation,True,1.0,1.0
S05,LUAD_EPIC_112,False,cell_line,False,False,True,0.93,0.86
S05,LUAD_EPIC_112,False,treated,False,False,True,0.96,0.92
S06,NAT_EPIC_112,False,tissue,lung,lung,True,1.0,1.0
S06,NAT_EPIC_112,False,condition,tumor_adjacent_normal,tumor_adjacent_normal,True,0.91,0.89
S06,NAT_EPIC_112,False,assay,dna_methylation,dna_methylation,True,1.0,1.0
S06,NAT_EPIC_112,False,cell_line,False,False,True,0.98,0.96
S06,NAT_EPIC_112,False,treated,False,False,True,0.96,0.92
S07,donor7_BAL_10x,False,tissue,lung,lung,True,1.0,1.0
S07,donor7_BAL_10x,False,condition,non_cancer_disease,non_cancer_disease,True,1.0,1.0
S07,donor7_BAL_10x,False,assay,single_cell_rna_seq,single_cell_rna_seq,True,1.0,1.0
S07,donor7_BAL_10x,False,cell_line,False,False,True,0.98,0.96
S07,donor7_BAL_10x,False,treated,False,False,True,0.95,0.9
S08,MCF7_tam_48h_H3K27ac,False,tissue,breast,breast,True,1.0,1.0
S08,MCF7_tam_48h_H3K27ac,False,condition,tumor,tumor,True,1.0,1.0
S08,MCF7_tam_48h_H3K27ac,False,assay,chip_seq,chip_seq,True,1.0,1.0
S08,MCF7_tam_48h_H3K27ac,False,cell_line,True,True,True,0.99,0.98
S08,MCF7_tam_48h_H3K27ac,False,treated,True,True,True,0.97,0.94
S09,IDC_FFPE_22,False,tissue,breast,breast,True,1.0,1.0
S09,IDC_FFPE_22,False,condition,tumor,tumor,True,1.0,1.0
S09,IDC_FFPE_22,False,assay,bulk_rna_seq,bulk_rna_seq,True,1.0,1.0
S09,IDC_FFPE_22,False,cell_line,False,False,True,0.97,0.94
S09,IDC_FFPE_22,False,treated,False,False,True,0.96,0.92
S10,reduction_mammoplasty_4,False,tissue,breast,breast,True,1.0,1.0
S10,reduction_mammoplasty_4,False,condition,healthy_control,healthy_control,True,1.0,1.0
S10,reduction_mammoplasty_4,False,assay,atac_seq,atac_seq,True,0.99,0.98
S10,reduction_mammoplasty_4,False,cell_line,False,False,True,0.98,0.96
S10,reduction_mammoplasty_4,False,treated,False,False,True,0.95,0.9
S11,UC_inflamed_sigmoid_p9,False,tissue,colon,colon,True,1.0,1.0
S11,UC_inflamed_sigmoid_p9,False,condition,non_cancer_disease,non_cancer_disease,True,1.0,1.0
S11,UC_inflamed_sigmoid_p9,False,assay,bulk_rna_seq,bulk_rna_seq,True,1.0,1.0
S11,UC_inflamed_sigmoid_p9,False,cell_line,False,False,True,0.98,0.96
S11,UC_inflamed_sigmoid_p9,False,treated,False,False,True,0.94,0.88
S12,COAD_WES_T18,False,tissue,colon,colon,True,1.0,1.0
S12,COAD_WES_T18,False,condition,tumor,tumor,True,1.0,1.0
S12,COAD_WES_T18,False,assay,wgs_wes,wgs_wes,True,1.0,1.0
S12,COAD_WES_T18,False,cell_line,False,False,True,0.96,0.92
S12,COAD_WES_T18,False,treated,False,False,True,0.96,0.92
S13,HCT116_siCTNNB1,False,tissue,colon,colon,True,1.0,1.0
S13,HCT116_siCTNNB1,False,condition,tumor,tumor,True,1.0,1.0
S13,HCT116_siCTNNB1,False,assay,bulk_rna_seq,bulk_rna_seq,True,1.0,1.0
S13,HCT116_siCTNNB1,False,cell_line,True,True,True,0.98,0.96
S13,HCT116_siCTNNB1,False,treated,True,True,True,0.98,0.96
S14,healthy_colon_organoid_d7,True,tissue,colon,colon,True,1.0,1.0
S14,healthy_colon_organoid_d7,True,condition,healthy_control,healthy_control,True,1.0,1.0
S14,healthy_colon_organoid_d7,True,assay,single_cell_rna_seq,single_cell_rna_seq,True,1.0,1.0
S14,healthy_colon_organoid_d7,True,cell_line,False,False,True,0.97,0.94
S14,healthy_colon_organoid_d7,True,treated,False,False,True,0.97,0.94
S15,GBM_IDHwt_03,False,tissue,brain,brain,True,1.0,1.0
S15,GBM_IDHwt_03,False,condition,tumor,tumor,True,1.0,1.0
S15,GBM_IDHwt_03,False,assay,single_cell_rna_seq,single_cell_rna_seq,True,1.0,1.0
S15,GBM_IDHwt_03,False,cell_line,False,False,True,0.98,0.96
S15,GBM_IDHwt_03,False,treated,False,False,True,0.96,0.92
S16,AD_PFC_BA9_d21,False,tissue,brain,brain,True,1.0,1.0
S16,AD_PFC_BA9_d21,False,condition,non_cancer_disease,non_cancer_disease,True,1.0,1.0
S16,AD_PFC_BA9_d21,False,assay,single_cell_rna_seq,single_cell_rna_seq,True,1.0,1.0
S16,AD_PFC_BA9_d21,False,cell_line,False,False,True,0.98,0.96
S16,AD_PFC_BA9_d21,False,treated,False,False,True,0.97,0.94
S17,iPSC_neuron_ctrl_line2,True,tissue,brain,brain,True,1.0,1.0
S17,iPSC_neuron_ctrl_line2,True,condition,healthy_control,healthy_control,True,1.0,1.0
S17,iPSC_neuron_ctrl_line2,True,assay,bulk_rna_seq,bulk_rna_seq,True,1.0,1.0
S17,iPSC_neuron_ctrl_line2,True,cell_line,True,True,True,0.97,0.94
S17,iPSC_neuron_ctrl_line2,True,treated,False,False,True,0.97,0.94
S18,PBMC_HC_014,False,tissue,blood,blood,True,1.0,1.0
S18,PBMC_HC_014,False,condition,healthy_control,healthy_control,True,1.0,1.0
S18,PBMC_HC_014,False,assay,single_cell_rna_seq,single_cell_rna_seq,True,1.0,1.0
S18,PBMC_HC_014,False,cell_line,False,False,True,0.98,0.96
S18,PBMC_HC_014,False,treated,False,False,True,0.97,0.94
S19,PBMC_SLE_031_IFNa,False,tissue,blood,blood,True,1.0,1.0
S19,PBMC_SLE_031_IFNa,False,condition,non_cancer_disease,non_cancer_disease,True,1.0,1.0
S19,PBMC_SLE_031_IFNa,False,assay,bulk_rna_seq,bulk_rna_seq,True,1.0,1.0
S19,PBMC_SLE_031_IFNa,False,cell_line,False,False,True,0.98,0.96
S19,PBMC_SLE_031_IFNa,False,treated,True,True,True,0.98,0.96
S20,AML_BM_dx_07,True,tissue,blood,blood,True,1.0,1.0
S20,AML_BM_dx_07,True,condition,tumor,tumor,True,1.0,1.0
S20,AML_BM_dx_07,True,assay,wgs_wes,wgs_wes,True,1.0,1.0
S20,AML_BM_dx_07,True,cell_line,False,False,True,0.98,0.96
S20,AML_BM_dx_07,True,treated,False,False,True,0.97,0.94
S21,Jurkat_CTCF_ChIP,False,tissue,blood,blood,True,1.0,1.0
S21,Jurkat_CTCF_ChIP,False,condition,tumor,tumor,True,0.99,0.98
S21,Jurkat_CTCF_ChIP,False,assay,chip_seq,chip_seq,True,1.0,1.0
S21,Jurkat_CTCF_ChIP,False,cell_line,True,True,True,0.98,0.96
S21,Jurkat_CTCF_ChIP,False,treated,False,False,True,0.96,0.92
S22,PSO_LS_12,False,tissue,skin,skin,True,1.0,1.0
S22,PSO_LS_12,False,condition,non_cancer_disease,non_cancer_disease,True,1.0,1.0
S22,PSO_LS_12,False,assay,bulk_rna_seq,bulk_rna_seq,True,1.0,1.0
S22,PSO_LS_12,False,cell_line,False,False,True,0.98,0.96
S22,PSO_LS_12,False,treated,False,False,True,0.92,0.84
S23,PSO_NL_12,True,tissue,skin,skin,True,1.0,1.0
S23,PSO_NL_12,True,condition,non_cancer_disease,non_cancer_disease,True,1.0,1.0
S23,PSO_NL_12,True,assay,bulk_rna_seq,bulk_rna_seq,True,1.0,1.0
S23,PSO_NL_12,True,cell_line,False,False,True,0.98,0.96
S23,PSO_NL_12,True,treated,False,False,True,0.92,0.84
S24,SKCM_met_LN_05,True,tissue,other_or_unclear,skin,False,0.17,0.8
S24,SKCM_met_LN_05,True,condition,tumor,tumor,True,1.0,1.0
S24,SKCM_met_LN_05,True,assay,wgs_wes,wgs_wes,True,1.0,1.0
S24,SKCM_met_LN_05,True,cell_line,False,False,True,0.96,0.92
S24,SKCM_met_LN_05,True,treated,False,False,True,0.97,0.94
S25,A375_vemurafenib_resistant,False,tissue,skin,skin,True,1.0,1.0
S25,A375_vemurafenib_resistant,False,condition,tumor,tumor,True,1.0,1.0
S25,A375_vemurafenib_resistant,False,assay,atac_seq,atac_seq,True,1.0,1.0
S25,A375_vemurafenib_resistant,False,cell_line,True,True,True,0.98,0.96
S25,A375_vemurafenib_resistant,False,treated,True,True,True,0.98,0.96
S26,ccRCC_T_44,False,tissue,kidney,kidney,True,1.0,1.0
S26,ccRCC_T_44,False,condition,tumor,tumor,True,1.0,1.0
S26,ccRCC_T_44,False,assay,dna_methylation,dna_methylation,True,1.0,1.0
S26,ccRCC_T_44,False,cell_line,False,False,True,0.92,0.84
S26,ccRCC_T_44,False,treated,False,False,True,0.94,0.88
S27,kidney_transplant_bx_rej,False,tissue,kidney,kidney,True,1.0,1.0
S27,kidney_transplant_bx_rej,False,condition,non_cancer_disease,non_cancer_disease,True,1.0,1.0
S27,kidney_transplant_bx_rej,False,assay,other,other,True,1.0,1.0
S27,kidney_transplant_bx_rej,False,cell_line,False,False,True,0.97,0.94
S27,kidney_transplant_bx_rej,False,treated,False,False,True,0.9,0.8
S28,HEK293T_sgAAVS1,True,tissue,kidney,kidney,True,0.98,0.97
S28,HEK293T_sgAAVS1,True,condition,healthy_control,healthy_control,True,0.69,0.61
S28,HEK293T_sgAAVS1,True,assay,bulk_rna_seq,bulk_rna_seq,True,1.0,1.0
S28,HEK293T_sgAAVS1,True,cell_line,True,True,True,0.99,0.98
S28,HEK293T_sgAAVS1,True,treated,True,True,True,0.96,0.92
S29,sample_17,True,tissue,other_or_unclear,other_or_unclear,True,1.0,1.0
S29,sample_17,True,condition,unclear,unclear,True,1.0,1.0
S29,sample_17,True,assay,other,other,True,0.68,0.63
S29,sample_17,True,cell_line,False,False,True,0.85,0.7
S29,sample_17,True,treated,False,False,True,0.93,0.86
S30,Ctrl_liver_donor_B,True,tissue,liver,liver,True,1.0,1.0
S30,Ctrl_liver_donor_B,True,condition,healthy_control,healthy_control,True,1.0,0.99
S30,Ctrl_liver_donor_B,True,assay,chip_seq,chip_seq,True,1.0,1.0
S30,Ctrl_liver_donor_B,True,cell_line,False,False,True,0.98,0.96
S30,Ctrl_liver_donor_B,True,treated,False,False,True,0.97,0.94
