bin_lo,bin_hi,n,mean_prob,frac_pos,question
0.0,0.1,0,,,verdict (max prob vs correct)
0.1,0.2,0,,,verdict (max prob vs correct)
0.2,0.30000000000000004,0,,,verdict (max prob vs correct)
0.30000000000000004,0.4,0,,,verdict (max prob vs correct)
0.4,0.5,6,0.4583333333333333,0.3333333333333333,verdict (max prob vs correct)
0.5,0.6000000000000001,6,0.5583333333333332,0.16666666666666666,verdict (max prob vs correct)
0.6000000000000001,0.7000000000000001,7,0.64,0.5714285714285714,verdict (max prob vs correct)
0.7000000000000001,0.8,9,0.7655555555555555,0.7777777777777778,verdict (max prob vs correct)
0.8,0.9,7,0.8628571428571429,0.5714285714285714,verdict (max prob vs correct)
0.9,1.0,71,0.9850704225352115,0.8028169014084507,verdict (max prob vs correct)
0.0,0.1,53,0.07792452830188679,0.0,evidence noul (P vs gold)
0.1,0.2,92,0.15663043478260869,0.021739130434782608,evidence noul (P vs gold)
0.2,0.30000000000000004,64,0.25453125,0.078125,evidence noul (P vs gold)
0.30000000000000004,0.4,50,0.3446,0.06,evidence noul (P vs gold)
0.4,0.5,38,0.4531578947368421,0.0,evidence noul (P vs gold)
0.5,0.6000000000000001,35,0.562857142857143,0.17142857142857143,evidence noul (P vs gold)
0.6000000000000001,0.7000000000000001,41,0.6582926829268293,0.12195121951219512,evidence noul (P vs gold)
0.7000000000000001,0.8,38,0.7678947368421053,0.10526315789473684,evidence noul (P vs gold)
0.8,0.9,84,0.8575,0.17857142857142858,evidence noul (P vs gold)
0.9,1.0,121,0.946198347107438,0.5619834710743802,evidence noul (P vs gold)
