metric,precision,recall,f1,f1_lo,f1_hi,system
abstract_label_only,0.47297297297297297,0.603448275862069,0.5303030303030303,0.41723721693785915,0.6370685579196218,Jev pipeline
abstract_rationalized,0.47297297297297297,0.603448275862069,0.5303030303030303,0.41723721693785915,0.6370685579196218,Jev pipeline
sentence_selection,0.2764976958525346,0.5555555555555556,0.36923076923076925,0.28294476310497885,0.4608321932603687,Jev pipeline
sentence_label,0.271889400921659,0.5462962962962963,0.3630769230769231,0.27665239871164604,0.4527149568447503,Jev pipeline
abstract_label_only,0.27,0.46551724137931033,0.34177215189873417,0.24320243061853805,0.4378698224852071,B1 majority
abstract_rationalized,0.05,0.08620689655172414,0.06329113924050635,0.012987012987012986,0.12202743902439019,B1 majority
sentence_selection,0.03,0.08333333333333333,0.044117647058823525,0.015383631713554986,0.07692307692307691,B1 majority
sentence_label,0.016666666666666666,0.046296296296296294,0.024509803921568627,0.005011906324414527,0.04750593824228029,B1 majority
abstract_label_only,0.27,0.46551724137931033,0.34177215189873417,0.24320243061853805,0.4378698224852071,B2 lexical
abstract_rationalized,0.23,0.39655172413793105,0.29113924050632917,0.1930529321326598,0.3896262274311054,B2 lexical
sentence_selection,0.13,0.3611111111111111,0.1911764705882353,0.13064780423858424,0.24881874404782398,B2 lexical
sentence_label,0.1,0.2777777777777778,0.14705882352941177,0.09335467941824911,0.20625155048375093,B2 lexical
