ranker,metric,value,lo,hi
BM25,R@1,0.5862068965517241,0.4575145656779661,0.7358490566037735
Jev re-rank,R@1,0.6896551724137931,0.5573770491803278,0.8301886792452831
Jev - BM25 (paired),R@1,0.10344827586206906,0.016659836065573714,0.2037835249042145
BM25,R@3,0.8275862068965517,0.7343489583333334,0.925959595959596
Jev re-rank,R@3,0.8275862068965517,0.7287383816293056,0.9230769230769231
Jev - BM25 (paired),R@3,0.0,-0.09616935483870967,0.0892857142857143
BM25,R@10,0.9137931034482759,0.838651026392962,0.9811320754716981
Jev re-rank,R@10,0.9310344827586207,0.864406779661017,0.9833333333333333
Jev - BM25 (paired),R@10,0.01724137931034475,0.0,0.05555555555555558
BM25,R@30,0.9310344827586207,0.864406779661017,0.9833333333333333
Jev re-rank,R@30,0.9310344827586207,0.864406779661017,0.9833333333333333
Jev - BM25 (paired),R@30,0.0,0.0,0.0
BM25,MRR,0.7682692307692308,0.673701923076923,0.8580128205128206
Jev re-rank,MRR,0.8301282051282051,0.7411458333333333,0.9094751602564103
Jev - BM25 (paired),MRR,0.06185897435897425,-0.0022676282051282983,0.13461538461538447
