threshold,coverage,accuracy
0.0,1.0,0.7075471698113207
0.12,1.0,0.7075471698113207
0.16,0.9905660377358491,0.7142857142857143
0.18,0.9811320754716981,0.7211538461538461
0.19,0.9716981132075472,0.7184466019417476
0.21,0.9622641509433962,0.7254901960784313
0.25,0.9528301886792453,0.7227722772277227
0.28,0.9433962264150944,0.73
0.3,0.9339622641509434,0.7373737373737373
0.33,0.9245283018867925,0.7448979591836735
0.35,0.9150943396226415,0.7525773195876289
0.38,0.9056603773584906,0.7604166666666666
0.42,0.8867924528301887,0.7659574468085106
0.43,0.8679245283018868,0.7717391304347826
0.48,0.8490566037735849,0.7666666666666667
0.51,0.839622641509434,0.7752808988764045
0.59,0.8207547169811321,0.7816091954022989
0.63,0.8018867924528302,0.7764705882352941
0.64,0.7924528301886793,0.7738095238095238
0.66,0.7830188679245284,0.7831325301204819
0.67,0.7641509433962265,0.7901234567901234
0.7,0.7547169811320755,0.7875
0.73,0.7358490566037735,0.782051282051282
0.74,0.7264150943396226,0.7922077922077922
0.81,0.7169811320754716,0.7894736842105263
0.82,0.6886792452830188,0.8082191780821918
0.85,0.6792452830188679,0.8055555555555556
0.86,0.660377358490566,0.8142857142857143
0.88,0.6509433962264151,0.8260869565217391
0.89,0.6415094339622641,0.8235294117647058
0.92,0.6320754716981132,0.8208955223880597
0.93,0.6037735849056604,0.828125
0.94,0.5849056603773585,0.8225806451612904
0.95,0.5660377358490566,0.8166666666666667
0.96,0.5566037735849056,0.8305084745762712
0.97,0.5188679245283019,0.8363636363636363
0.98,0.46226415094339623,0.8367346938775511
0.99,0.3867924528301887,0.8536585365853658
1.0,0.24528301886792453,0.8461538461538461
